{
  "0": {
    "recipeName": "Сырники из творога",
    "times": 30,
    "ingredientsList": [
      {
        "ingredientName": "Творог",
        "sum": 350,
        "units": "г"},
      {
        "ingredientName": "Куриное яйцо",
        "sum": 2,
        "units": "штук"},
      {
        "ingredientName": "Пшеничная мука",
        "sum": 6,
        "units": "столовых ложек"},
      {
        "ingredientName": "Сахар",
        "sum": 2,
        "units": "столовые ложки"}
    ], "steps": [
      "1. Смешайте весь творог с яйцами, сахаром и тщательно всё перемешайте",
      "2. Всыпьте в творог муку и тщательно перемешайте",
      "3. Поставьте сковороду на средний огонь и налейте в нее подсолнечное масло",
      "4. Слепите несколько небольших шариков из получившейся творожной массы и положите их на тарелку. Затем по очереди обкатывайте творожные шарики в муке и выкладывайте на сковороду",
      "5. Обжаривайте сырники 1–2 минуты до появления золотистой корочки. Затем переверните их на другую сторону и также обжарьте до золотистого состояния",
      "6. Повторяйте, пока творог не закончится"
    ]
  }
}